peptideModSeq	precursorCharge	position	mass
AGEGTYALDSESC[+57.0215]MEK	2	13	57.021464
ALLESMVDAAENLC[+57.0215]PNVMK	3	14	57.021464
ALQGLVWLKVC[+57.0215]DSC[+57.0215]HALLIQR	3	11	57.021464
ALQGLVWLKVC[+57.0215]DSC[+57.0215]HALLIQR	3	14	57.021464
C[+57.0215]C[+57.0215]LTYC[+57.0215]FNKPEDK	3	1	57.021464
C[+57.0215]C[+57.0215]LTYC[+57.0215]FNKPEDK	3	2	57.021464
C[+57.0215]C[+57.0215]LTYC[+57.0215]FNKPEDK	3	6	57.021464
C[+57.0215]EAVVADVLDK	2	1	57.021464
C[+57.0215]FNTLTNSFQPSLLGR	3	1	57.021464
C[+57.0215]ITDPQTGLC[+57.0215]LLPLK	3	1	57.021464
C[+57.0215]ITDPQTGLC[+57.0215]LLPLK	3	10	57.021464
C[+57.0215]LDALAALR	2	1	57.021464
C[+57.0215]PLC[+57.0215]QESNFTR	2	1	57.021464
C[+57.0215]PLC[+57.0215]QESNFTR	2	4	57.021464
DC[+57.0215]LNVLNKELLVPLTSSMYVPGK	3	2	57.021464
DC[+57.0215]LTESNLIK	2	2	57.021464
DC[+57.0215]QIAHGAAQFLR	2	2	57.021464
DDEPVC[+57.0215]GRPLGIR	3	6	57.021464
DMPLLSC[+57.0215]LESLR	2	7	57.021464
DMVC[+57.0215]NMLGLNK	2	4	57.021464
DPSQPQQWVSSQVLLC[+57.0215]K	3	16	57.021464
DSDGDGRGDAC[+57.0215]K	2	11	57.021464
DVYLSLLRMYLSPPSIHC[+57.0215]LGPIK	3	18	57.021464
EAC[+57.0215]PELDYFVVFSSVSC[+57.0215]GR	3	17	57.021464
EAC[+57.0215]PELDYFVVFSSVSC[+57.0215]GR	3	3	57.021464
EDFLNIC[+57.0215]IEPDTISK	2	7	57.021464
EHMDEVC[+57.0215]SSQLLTSVR	3	7	57.021464
EIC[+57.0215]AVSRFC[+57.0215]SNLC[+57.0215]LPK	3	13	57.021464
EIC[+57.0215]AVSRFC[+57.0215]SNLC[+57.0215]LPK	3	3	57.021464
EIC[+57.0215]AVSRFC[+57.0215]SNLC[+57.0215]LPK	3	9	57.021464
ELC[+57.0215]GPWPSHQLLTNQLQR	3	3	57.021464
EQDLMC[+57.0215]IKIIDFIYTAK	3	6	57.021464
EVC[+57.0215]PSAIDPEDGEK	2	3	57.021464
FAELVYTGFWHSPEC[+57.0215]EFVR	3	15	57.021464
FLIC[+57.0215]TDVAAR	2	4	57.021464
GDEC[+57.0215]ILKTIADLELHYQEFIR	3	4	57.021464
GLGTDEDSLIEIIC[+57.0215]SR	3	14	57.021464
HLAC[+57.0215]LPR	2	4	57.021464
HSC[+57.0215]VESLFLVRVLNSNPPPIIK	3	3	57.021464
HVLALTGC[+57.0215]GPGR	3	8	57.021464
IDMC[+57.0215]PANILQETLKK	3	4	57.021464
IGLDFC[+57.0215]K	2	6	57.021464
IPPC[+57.0215]ISNWK	2	4	57.021464
ITC[+57.0215]LC[+57.0215]QVPQNAANR	2	3	57.021464
ITC[+57.0215]LC[+57.0215]QVPQNAANR	2	5	57.021464
KADC[+57.0215]TITMADSDFLALMTGK	3	4	57.021464
LC[+57.0215]GDTSLNNMQR	2	2	57.021464
LIIVEGC[+57.0215]QR	2	7	57.021464
LMAFTLQDLVC[+57.0215]LK	2	11	57.021464
LPLWQQAC[+57.0215]ADPSK	2	8	57.021464
LQESPC[+57.0215]IFALTPR	2	6	57.021464
LQVLSLSHC[+57.0215]ELITDDGIR	3	9	57.021464
LSLDGQNIYNAC[+57.0215]C[+57.0215]TLR	3	12	57.021464
LSLDGQNIYNAC[+57.0215]C[+57.0215]TLR	3	13	57.021464
LSTGC[+57.0215]TGTLVAEK	2	5	57.021464
LTDC[+57.0215]VVMRDPASK	3	4	57.021464
LWNLLMPTKGLLLDC[+57.0215]NVALTLK	3	15	57.021464
PGVAVAC[+57.0215]C[+57.0215]WLLTVVLR	3	7	57.021464
PGVAVAC[+57.0215]C[+57.0215]WLLTVVLR	3	8	57.021464
PNMVTPGHAC[+57.0215]TQK	3	10	57.021464
PVIC[+57.0215]SLAAIIK	2	4	57.021464
QAGLLAVMAQMGC[+57.0215]YVPAEVC[+57.0215]R	3	13	57.021464
QAGLLAVMAQMGC[+57.0215]YVPAEVC[+57.0215]R	3	20	57.021464
QC[+57.0215]IHQLC[+57.0215]FTSLR	3	2	57.021464
QC[+57.0215]IHQLC[+57.0215]FTSLR	3	7	57.021464
QILIAC[+57.0215]SPVSSVR	2	6	57.021464
QLSSSVTGLTNIEEENC[+57.0215]QR	3	17	57.021464
QLVNMC[+57.0215]INPDPEK	3	6	57.021464
SFDVNKPGC[+57.0215]EVDDLK	3	9	57.021464
SHTEEDC[+57.0215]TEELFDFLHAR	3	7	57.021464
SLPAEINRFLPEFPSC[+57.0215]SLLK	3	16	57.021464
SLPSAVYC[+57.0215]IEDK	3	8	57.021464
TVDSQGPTPVC[+57.0215]TPTFLER	3	11	57.021464
TVLGSSENALGVC[+57.0215]SDTAAPLAAVDLK	3	13	57.021464
VAC[+57.0215]C[+57.0215]PLER	2	3	57.021464
VAC[+57.0215]C[+57.0215]PLER	2	4	57.021464
VC[+57.0215]GHTYEEDAIVR	2	2	57.021464
VGTEC[+57.0215]GNQK	2	5	57.021464
VLC[+57.0215]GGDIYVPEDPK	2	3	57.021464
VLQEALC[+57.0215]VISGVPGLK	2	7	57.021464
VLWIPAC[+57.0215]PL	2	7	57.021464
VVAC[+57.0215]TSAFLLWDPTK	3	4	57.021464
VVEQMC[+57.0215]ITQYERESQAYYQR	3	6	57.021464
VVNSETPVVVDFHAQWC[+57.0215]GPC[+57.0215]K	3	17	57.021464
VVNSETPVVVDFHAQWC[+57.0215]GPC[+57.0215]K	3	20	57.021464
VVVC[+57.0215]DNGTGFVK	3	4	57.021464
WLLLC[+57.0215]NPGLAELIAEK	3	5	57.021464
YPC[+57.0215]VLDLKC[+57.0215]EQSTSATLGVR	3	3	57.021464
YPC[+57.0215]VLDLKC[+57.0215]EQSTSATLGVR	3	9	57.021464
